Date,Calibre Index Fund,"""Nasdaq Composite, x""","""Nasdaq Composite, y""","""MSCI EAFE Index Fund (ETF), x""",MSCI EAFE Index Fund (ETF),"""Dow Jones Industrial Average, y""","""S&amp;P 500 Index, y"""
2020-01-02,189.850006,,,2015-01-07,59.13,17832.990234,2058.199951
2020-01-05,186.389999,,,2015-01-08,59.93,17501.650391,2020.5799559999998
2020-01-06,184.729996,,,2015-01-09,59.64,17371.640625,2002.609985
2020-01-07,186.940002,,,2015-01-12,59.5,17584.519531,2025.9000239999998
2020-01-08,190.279999,,,2015-01-13,59.8,17907.869141,2062.139893
2020-01-09,188.679993,,,2015-01-14,59.63,17737.369141,2044.810059
2020-01-12,187.149994,,,2015-01-15,60.01,17640.839844,2028.2600100000002
2020-01-13,186.690002,,,2015-01-16,60.79,17613.679688,2023.030029
2020-01-14,185.610001,,,2015-01-20,61.0,17427.089844,2011.27002
2020-01-15,183.899994,,,2015-01-21,61.48,17320.710938,1992.6700440000002
2020-01-16,186.369995,,,2015-01-22,61.71,17511.570313,2019.4200440000002
2020-01-20,186.66000400000001,,,2015-01-23,61.36,17515.230469,2022.550049
2020-01-21,187.559998,,,2015-01-26,62.2,17554.279297,2032.119995
2020-01-22,190.429993,,,2015-01-27,62.29,17813.980469,2063.149902
2020-01-23,189.380005,,,2015-01-28,61.36,17672.599609,2051.820068
2020-01-26,189.869995,,,2015-01-29,62.2,17678.699219,2057.090088
2020-01-27,187.330002,,,2015-01-30,61.22,17387.210938,2029.550049
2020-01-28,184.809998,,,2015-02-02,61.96,17191.369141,2002.160034
2020-01-29,186.58999599999999,,,2015-02-03,62.95,17416.849609,2021.25
2020-01-30,184.169998,,,2015-02-04,62.43,17164.949219,1994.9899899999998
2020-02-02,186.559998,,,2015-02-05,63.29,17361.039063,2020.8499760000002
2020-02-03,189.25,,,2015-02-06,62.5,17666.400391,2050.030029
2020-02-04,188.520004,,,2015-02-09,62.2,17673.019531,2041.5100100000002
2020-02-05,190.5,,,2015-02-10,62.77,17884.880859,2062.52002
2020-02-06,189.899994,,,2015-02-11,62.43,17824.289063,2055.469971
2020-02-09,189.100006,,,2015-02-12,63.4,17729.210938,2046.7399899999998
2020-02-10,191.119995,,,2015-02-13,63.82,17868.759766,2068.590088
2020-02-11,191.179993,,,2015-02-17,63.97,17862.140625,2068.530029
2020-02-12,193.070007,,,2015-02-18,64.35,17972.380859,2088.47998
2020-02-13,193.880005,,,2015-02-19,64.43,18019.349609,2096.98999
2020-02-17,194.21000700000002,,,2015-02-20,65.03,18047.580078,2100.340088
2020-02-18,194.16000400000001,,,2015-02-23,64.8,18029.849609,2099.679932
2020-02-19,193.990005,,,2015-02-24,65.2,17985.769531,2097.449951
2020-02-20,195.199997,,,2015-02-25,65.25,18140.439453,2110.300049
2020-02-23,195.139999,,,2015-02-26,65.07,18116.839844,2109.659912
2020-02-24,195.679993,,,2015-02-27,65.1,18209.189453,2115.47998
2020-02-25,195.559998,,,2015-03-02,65.2,18224.570313,2113.860107
2020-02-26,195.309998,,,2015-03-03,64.8,18214.419922,2110.73999
2020-02-27,194.729996,,,2015-03-04,64.54,18132.699219,2104.5
2020-03-02,195.929993,,,2015-03-05,64.69,18288.630859,2117.389893
2020-03-03,195.03999299999998,,,2015-03-06,63.81,18203.369141,2107.780029
2020-03-04,194.229996,,,2015-03-09,63.91,18096.900391,2098.530029
2020-03-05,194.470001,,,2015-03-10,62.52,18135.720703,2101.040039
2020-03-06,191.729996,,,2015-03-11,62.68,17856.779297,2071.26001
2020-03-09,192.509995,,,2015-03-12,63.46,17995.720703,2079.429932
2020-03-10,189.25,,,2015-03-13,63.09,17662.939453,2044.160034
2020-03-11,188.919998,,,2015-03-16,63.8,17635.390625,2040.2399899999998
2020-03-12,191.350006,,,2015-03-17,63.64,17895.220703,2065.949951
2020-03-13,190.190002,,,2015-03-18,65.0,17749.310547,2053.399902
2020-03-16,192.759995,,,2015-03-19,64.24,17977.419922,2081.189941
2020-03-17,192.119995,,,2015-03-20,65.66,17849.080078,2074.280029
2020-03-18,194.46000700000002,,,2015-03-23,65.99,18076.189453,2099.5
2020-03-19,193.520004,,,2015-03-24,65.85,17959.029297,2089.27002
2020-03-20,194.320007,,,2015-03-25,65.54,18127.650391,2108.100098
2020-03-23,193.979996,,,2015-03-26,64.97,18116.039063,2104.419922
2020-03-24,192.809998,,,2015-03-27,65.14,18011.140625,2091.5
2020-03-25,190.009995,,,2015-03-30,65.18,17718.539063,2061.050049
2020-03-26,189.559998,,,2015-03-31,64.17,17678.230469,2056.149902
2020-03-27,190.03999299999998,,,2015-04-01,64.63,17712.660156,2061.02002
2020-03-30,192.380005,,,2015-04-02,65.19,17976.310547,2086.23999
2020-03-31,190.71000700000002,,,2015-04-06,65.85,17776.119141,2067.889893
2020-04-01,189.979996,,,2015-04-07,65.76,17698.179688,2059.689941
2020-04-02,190.649994,,,2015-04-08,66.04,17763.240234,2066.959961
2020-04-06,191.91000400000001,,,2015-04-09,66.13,17880.849609,2080.6201170000004
2020-04-07,191.520004,,,2015-04-10,66.26,17875.419922,2076.330078
2020-04-08,192.100006,,,2015-04-13,65.84,17902.509766,2081.899902
2020-04-09,192.96000700000002,,,2015-04-14,66.33,17958.730469,2091.179932
2020-04-10,193.96000700000002,,,2015-04-15,66.63,18057.650391,2102.060059
2020-04-13,193.08999599999999,,,2015-04-16,66.81,17977.039063,2092.429932
2020-04-14,193.399994,,,2015-04-17,65.97,18036.699219,2095.840088
2020-04-15,194.399994,,,2015-04-20,66.04,18112.609375,2106.6298829999996
2020-04-16,194.25,,,2015-04-21,66.63,18105.769531,2104.98999
2020-04-17,192.050003,,,2015-04-22,66.76,17826.300781,2081.179932
2020-04-20,193.830002,,,2015-04-23,67.01,18034.929688,2100.399902
2020-04-21,193.53999299999998,,,2015-04-24,67.4,17949.589844,2097.290039
2020-04-22,194.529999,,,2015-04-27,67.73,18038.269531,2107.959961
2020-04-23,195.009995,,,2015-04-28,67.81,18058.689453,2112.929932
2020-04-24,195.449997,,,2015-04-29,67.22,18080.140625,2117.689941
2020-04-27,194.639999,,,2015-04-30,66.51,18037.970703,2108.919922
2020-04-28,195.199997,,,2015-05-01,67.25,18110.140625,2114.76001
2020-04-29,194.479996,,,2015-05-04,67.18,18035.529297,2106.850098
2020-04-30,192.520004,,,2015-05-05,66.18,17840.519531,2085.51001
2020-05-01,194.619995,,,2015-05-06,66.35,18024.060547,2108.290039
2020-05-04,195.190002,,,2015-05-07,66.13,18070.400391,2114.48999
2020-05-05,192.899994,,,2015-05-08,67.66,17928.199219,2089.459961
2020-05-06,192.110001,,,2015-05-11,67.07,17841.980469,2080.149902
2020-05-07,192.880005,,,2015-05-12,67.03,17924.060547,2088.0
2020-05-08,195.479996,,,2015-05-13,67.53,18191.109375,2116.100098
2020-05-11,194.520004,,,2015-05-14,68.34,18105.169922,2105.330078
2020-05-12,193.970001,,,2015-05-15,68.42,18068.230469,2099.1201170000004
2020-05-13,193.940002,,,2015-05-18,68.19,18060.490234,2098.47998
2020-05-14,196.050003,,,2015-05-19,67.93,18252.240234,2121.100098
2020-05-15,196.220001,,,2015-05-20,68.06,18272.560547,2122.72998
2020-05-18,196.830002,,,2015-05-21,68.42,18298.880859,2129.199951
2020-05-19,196.740005,,,2015-05-22,67.98,18312.390625,2127.830078
2020-05-20,196.580002,,,2015-05-26,66.76,18285.400391,2125.850098
2020-05-21,197.070007,,,2015-05-27,67.41,18285.740234,2130.820068
2020-05-22,196.630005,,,2015-05-28,67.29,18232.019531,2126.060059
2020-05-26,194.610001,,,2015-05-29,66.64,18041.539063,2104.199951
2020-05-27,196.419998,,,2015-06-01,66.46,18162.990234,2123.47998
2020-05-28,196.199997,,,2015-06-02,66.77,18126.119141,2120.790039
2020-05-29,194.970001,,,2015-06-03,67.14,18010.679688,2107.389893
2020-06-01,195.389999,,,2015-06-04,66.42,18040.369141,2111.72998
2020-06-02,195.199997,,,2015-06-05,65.63,18011.939453,2109.600098
2020-06-03,195.649994,,,2015-06-08,65.54,18076.269531,2114.070068
2020-06-04,193.970001,,,2015-06-09,65.18,17905.580078,2095.840088
2020-06-05,193.690002,,,2015-06-10,66.55,17849.460938,2092.830078
2020-06-08,192.470001,,,2015-06-11,66.73,17766.550781,2079.280029
2020-06-09,192.550003,,,2015-06-12,66.2,17764.039063,2080.149902
2020-06-10,194.880005,,,2015-06-15,65.8,18000.400391,2105.199951
2020-06-11,195.279999,,,2015-06-16,65.78,18039.369141,2108.860107
2020-06-12,193.929993,,,2015-06-17,65.63,17898.839844,2094.110107
2020-06-15,193.029999,,,2015-06-18,66.22,17791.169922,2084.429932
2020-06-16,194.130005,,,2015-06-19,66.06,17904.480469,2096.290039
2020-06-17,194.520004,,,2015-06-22,67.31,17935.740234,2100.439941
2020-06-18,196.470001,,,2015-06-23,67.49,18115.839844,2121.23999
2020-06-19,194.570007,,,2015-06-24,66.9,18015.949219,2109.98999
2020-06-22,195.75,,,2015-06-25,65.77,18119.779297,2122.850098
2020-06-23,195.889999,,,2015-06-26,65.74,18144.070313,2124.199951
2020-06-24,194.46000700000002,,,2015-06-29,63.72,17966.070313,2108.580078
2020-06-25,193.889999,,,2015-06-30,63.49,17890.359375,2102.310059
2020-06-26,193.850006,,,2015-07-01,63.9,17946.679688,2101.48999
2020-06-29,189.83999599999999,,,2015-07-02,63.98,17596.349609,2057.639893
2020-06-30,190.360001,,,2015-07-06,62.69,17619.509766,2063.110107
2020-07-01,191.729996,,,2015-07-07,62.71,17757.910156,2077.419922
2020-07-02,191.669998,,,2015-07-08,61.25,17730.109375,2076.780029
2020-07-06,190.929993,,,2015-07-09,62.26,17683.580078,2068.76001
2020-07-07,192.08999599999999,,,2015-07-10,64.3,17776.910156,2081.340088
2020-07-08,188.949997,,,2015-07-13,64.54,17515.419922,2046.680054
2020-07-09,189.380005,,,2015-07-14,65.08,17548.619141,2051.310059
2020-07-10,191.71000700000002,,,2015-07-15,64.84,17760.410156,2076.6201170000004
2020-07-13,193.850006,,,2015-07-16,65.4,17977.679688,2099.600098
2020-07-14,194.71000700000002,,,2015-07-17,65.31,18053.580078,2108.949951
2020-07-15,194.570007,,,2015-07-20,65.46,18050.169922,2107.399902
2020-07-16,196.130005,,,2015-07-21,65.27,18120.25,2124.290039
2020-07-17,196.350006,,,2015-07-22,64.77,18086.449219,2126.639893
2020-07-20,196.5,,,2015-07-23,64.6,18100.410156,2128.280029
2020-07-21,195.669998,,,2015-07-24,63.89,17919.289063,2119.209961
2020-07-22,195.220001,,,2015-07-27,63.42,17851.039063,2114.149902
2020-07-23,194.130005,,,2015-07-28,64.22,17731.919922,2102.149902
2020-07-24,192.050003,,,2015-07-29,64.45,17568.529297,2079.649902
2020-07-27,190.940002,,,2015-07-30,64.4,17440.589844,2067.639893
2020-07-28,193.300003,,,2015-07-31,64.78,17630.269531,2093.25
2020-07-29,194.740005,,,2015-08-03,64.61,17751.390625,2108.570068
2020-07-30,194.759995,,,2015-08-04,64.66,17745.980469,2108.6298829999996
2020-07-31,194.320007,,,2015-08-05,65.0,17689.859375,2103.840088
2020-08-03,193.779999,,,2015-08-06,64.73,17598.199219,2098.040039
2020-08-04,193.350006,,,2015-08-07,64.61,17550.689453,2093.320068
2020-08-05,194.029999,,,2015-08-10,65.4,17540.470703,2099.840088
2020-08-06,192.580002,,,2015-08-11,64.4,17419.75,2083.560059
2020-08-07,192.029999,,,2015-08-12,63.94,17373.380859,2077.570068
2020-08-10,194.490005,,,2015-08-13,63.9,17615.169922,2104.179932
2020-08-11,192.669998,,,2015-08-14,64.0,17402.839844,2084.070068
2020-08-12,192.899994,,,2015-08-17,63.88,17402.509766,2086.050049
2020-08-13,192.679993,,,2015-08-18,63.4,17408.25,2083.389893
2020-08-14,193.429993,,,2015-08-19,62.84,17477.400391,2091.540039
2020-08-17,194.470001,,,2015-08-20,61.32,17545.179688,2102.439941
2020-08-18,194.0,,,2015-08-21,59.86,17511.339844,2096.919922
2020-08-19,192.41000400000001,,,2015-08-24,57.85,17348.730469,2079.610107
2020-08-20,188.350006,,,2015-08-25,58.4,16990.689453,2035.72998
2020-08-21,182.380005,,,2015-08-26,59.8,16459.75,1970.890015
2020-08-24,175.190002,,,2015-08-27,60.51,15871.349609,1893.209961
2020-08-25,172.830002,,,2015-08-28,60.42,15666.44043,1867.609985
2020-08-26,179.58999599999999,,,2015-08-31,59.97,16285.509766,1940.5100100000002
2020-08-27,183.970001,,,2015-09-01,57.93,16654.769531,1987.660034
2020-08-28,184.110001,,,2015-09-02,58.82,16643.009766,1988.869995
2020-08-31,182.580002,,,2015-09-03,58.94,16528.029297,1972.180054
2020-09-01,177.190002,,,2015-09-04,57.58,16058.349609,1913.8499760000002
2020-09-02,180.46000700000002,,,2015-09-08,59.3,16351.379883000001,1948.859985
2020-09-03,180.679993,,,2015-09-09,59.06,16374.759766,1951.130005
2020-09-04,177.919998,,,2015-09-10,59.45,16102.379883000001,1921.219971
2020-09-08,182.399994,,,2015-09-11,59.44,16492.679688,1969.410034
2020-09-09,179.880005,,,2015-09-14,58.99,16253.570313,1942.040039
2020-09-10,180.850006,,,2015-09-15,59.39,16330.400391,1952.290039
2020-09-11,181.71000700000002,,,2015-09-16,60.3,16433.089844,1961.050049
2020-09-14,180.979996,,,2015-09-17,60.33,16370.959961000002,1953.030029
2020-09-15,183.300003,,,2015-09-18,58.82,16599.849609,1978.089966
2020-09-16,184.899994,,,2015-09-21,58.79,16739.949219,1995.310059
2020-09-17,184.46000700000002,,,2015-09-22,57.39,16674.740234,1990.199951
2020-09-18,180.570007,,,2015-09-23,57.12,16384.580078,1958.030029
2020-09-21,181.389999,,,2015-09-24,56.95,16510.189453,1966.969971
2020-09-22,179.16000400000001,,,2015-09-25,57.43,16330.469727000002,1942.7399899999998
2020-09-23,178.800003,,,2015-09-28,56.33,16279.889647999998,1938.7600100000002
2020-09-24,178.199997,,,2015-09-29,56.25,16201.320313,1932.2399899999998
2020-09-25,178.110001,,,2015-09-30,57.32,16314.669922,1931.339966
2020-09-28,173.58999599999999,,,2015-10-01,57.5,16001.889647999998,1881.77002
2020-09-29,173.820007,,,2015-10-02,58.48,16049.129883000001,1884.089966
2020-09-30,177.139999,,,2015-10-05,59.64,16284.700195,1920.030029
2020-10-01,177.5,,,2015-10-06,59.71,16272.009766,1923.819946
2020-10-02,180.059998,,,2015-10-07,60.46,16472.369141,1951.359985
2020-10-05,183.360001,,,2015-10-08,60.94,16776.429688,1987.050049
2020-10-06,182.699997,,,2015-10-09,61.05,16790.189453,1979.9200440000002
2020-10-07,184.240005,,,2015-10-12,60.93,16912.289063,1995.8299559999998
2020-10-08,185.860001,,,2015-10-13,60.16,17050.75,2013.430054
2020-10-09,186.0,,,2015-10-14,60.28,17084.490234,2014.890015
2020-10-12,186.240005,,,2015-10-15,61.32,17131.859375,2017.459961
2020-10-13,184.979996,,,2015-10-16,61.26,17081.890625,2003.689941
2020-10-14,184.119995,,,2015-10-19,61.05,16924.75,1994.2399899999998
2020-10-15,186.869995,,,2015-10-20,60.8,17141.75,2023.859985
2020-10-16,187.720001,,,2015-10-21,60.77,17215.970703,2033.109985
2020-10-19,187.770004,,,2015-10-22,61.45,17230.539063,2033.660034
2020-10-20,187.5,,,2015-10-23,62.06,17217.109375,2030.77002
2020-10-21,186.429993,,,2015-10-26,61.83,17168.609375,2018.939941
2020-10-22,189.53999299999998,,,2015-10-27,61.29,17489.160156,2052.51001
2020-10-23,191.639999,,,2015-10-28,61.71,17646.699219,2075.149902
2020-10-26,191.259995,,,2015-10-29,61.24,17623.050781,2071.179932
2020-10-27,190.779999,,,2015-10-30,61.11,17581.429688,2065.889893
2020-10-28,193.050003,,,2015-11-02,61.69,17779.519531,2090.350098
2020-10-29,192.990005,,,2015-11-03,61.67,17755.800781,2089.409912
2020-10-30,192.059998,,,2015-11-04,61.33,17663.539063,2079.360107
2020-11-02,194.330002,,,2015-11-05,61.22,17828.759766,2104.050049
2020-11-03,194.869995,,,2015-11-06,60.94,17918.150391,2109.790039
2020-11-04,194.240005,,,2015-11-09,60.31,17867.580078,2102.310059
2020-11-05,194.059998,,,2015-11-10,60.27,17863.429688,2099.929932
2020-11-06,194.009995,,,2015-11-11,60.58,17910.330078,2099.199951
2020-11-09,192.149994,,,2015-11-12,59.79,17730.480469,2078.580078
2020-11-10,192.490005,,,2015-11-13,59.29,17758.210938,2081.719971
2020-11-11,191.860001,,,2015-11-16,60.04,17702.220703,2075.0
2020-11-12,189.21000700000002,,,2015-11-17,60.2,17448.070313,2045.969971
2020-11-13,187.08999599999999,,,2015-11-18,60.75,17245.240234,2023.040039
2020-11-16,189.91000400000001,,,2015-11-19,61.06,17483.009766,2053.189941
2020-11-17,189.699997,,,2015-11-20,60.92,17489.5,2050.439941
2020-11-18,192.78999299999998,,,2015-11-23,60.54,17737.160156,2083.580078
2020-11-19,192.58999599999999,,,2015-11-24,60.55,17732.75,2081.23999
2020-11-20,193.350006,,,2015-11-25,60.69,17823.810547,2089.169922
2020-11-23,193.110001,,,2015-11-27,60.7,17792.679688,2086.590088
2020-11-24,193.350006,,,2015-11-30,60.65,17812.189453,2089.139893
2020-11-25,193.350006,,,2015-12-01,61.29,17813.390625,2088.8701170000004
2020-11-27,193.5,,,2015-12-02,60.64,17813.390625,2090.110107
2020-11-30,192.610001,,,2015-12-03,60.35,17719.919922,2080.409912
2020-12-01,194.679993,,,2015-12-04,60.84,17888.349609,2102.6298829999996
2020-12-02,192.58999599999999,,,2015-12-07,60.45,17729.679688,2079.51001
2020-12-03,189.830002,,,2015-12-08,59.56,17477.669922,2049.6201170000004
2020-12-04,193.720001,,,2015-12-09,59.29,17847.630859,2091.689941
2020-12-07,192.380005,,,2015-12-10,59.3,17730.509766,2077.070068
2020-12-08,191.139999,,,2015-12-11,58.17,17568.0,2063.590088
2020-12-09,189.669998,,,2015-12-14,58.26,17492.300781,2047.619995
2020-12-10,190.119995,,,2015-12-15,58.55,17574.75,2052.22998
2020-12-11,186.46000700000002,,,2015-12-16,59.73,17265.210938,2012.369995
2020-12-14,187.360001,,,2015-12-17,58.97,17368.5,2021.939941
2020-12-15,189.350006,,,2015-12-18,58.35,17524.910156,2043.410034
2020-12-16,192.110001,,,2015-12-21,58.11,17749.089844,2073.070068
2020-12-17,189.25,,,2015-12-22,58.55,17495.839844,2041.890015
2020-12-18,184.83999599999999,,,2015-12-23,59.53,17128.550781,2005.550049
2020-12-21,186.300003,,,2015-12-24,59.43,17251.619141,2021.1500239999998
2020-12-22,187.96000700000002,,,2015-12-28,59.29,17417.269531,2038.969971
2020-12-23,190.309998,,,2015-12-29,59.88,17602.609375,2064.290039
2020-12-24,190.0,,,2015-12-30,59.52,17552.169922,2060.98999
2020-12-28,189.58999599999999,,,2015-12-31,58.72,17528.269531,2056.5
2020-12-29,191.639999,,,2016-01-04,57.82,17720.980469,2078.360107
2020-12-30,190.270004,,,2016-01-05,57.73,17603.869141,2063.360107
2020-12-31,188.479996,,,2016-01-06,56.78,17425.029297,2043.939941
2021-01-04,185.639999,,,2016-01-07,55.6,17148.939453,2012.660034
2021-01-05,186.009995,,,2016-01-08,54.93,17158.660156,2016.709961
2021-01-06,183.639999,,,2016-01-11,55.16,16906.509766,1990.2600100000002
2021-01-07,179.28999299999998,,,2016-01-12,55.42,16514.099609,1943.089966
2021-01-08,177.350006,,,2016-01-13,54.56,16346.450195,1922.030029
2021-01-11,177.490005,,,2016-01-14,55.26,16398.570313,1923.6700440000002
2021-01-12,178.880005,,,2016-01-15,53.26,16516.220703,1938.680054
2021-01-13,174.429993,,,2016-01-19,53.75,16151.410156,1890.280029
2021-01-14,177.350006,,,2016-01-20,52.53,16379.049805,1921.839966
2021-01-15,173.520004,,,2016-01-21,52.92,15988.080078,1880.3299559999998
2021-01-19,173.610001,,,2016-01-22,54.48,16016.019531,1881.3299559999998
2021-01-20,171.610001,,,2016-01-25,53.75,15766.740234,1859.3299559999998
2021-01-21,172.5,,,2016-01-26,54.71,15882.679688,1868.9899899999998
2021-01-22,176.0,,,2016-01-27,54.36,16093.509766,1906.9000239999998
2021-01-25,173.25,,,2016-01-28,54.52,15885.219727000002,1877.0799559999998
2021-01-26,175.699997,,,2016-01-29,55.48,16167.230469,1903.630005
2021-01-27,173.800003,,,2016-02-01,55.42,15944.459961000002,1882.949951
2021-01-28,174.770004,,,2016-02-02,54.13,16069.639647999998,1893.359985
2021-01-29,179.100006,,,2016-02-03,54.58,16466.300781,1940.2399899999998
2021-02-01,179.029999,,,2016-02-04,54.65,16449.179688,1939.380005
2021-02-02,175.679993,,,2016-02-05,53.81,16153.540038999998,1903.030029
2021-02-03,176.619995,,,2016-02-08,52.83,16336.660156,1912.530029
2021-02-04,176.919998,,,2016-02-09,52.2,16416.580078,1915.449951
2021-02-05,173.66000400000001,,,2016-02-10,52.14,16204.969727000002,1880.050049
2021-02-08,171.220001,,,2016-02-11,51.38,16027.049805,1853.439941
2021-02-09,171.139999,,,2016-02-12,52.28,16014.379883000001,1852.209961
2021-02-10,171.16000400000001,,,2016-02-16,53.34,15914.740234,1851.859985
2021-02-11,169.08999599999999,,,2016-02-17,54.26,15660.179688,1829.0799559999998
2021-02-12,172.41000400000001,,,2016-02-18,53.98,15973.839844,1864.780029
2021-02-16,175.309998,,,2016-02-19,53.92,16196.410156,1895.5799559999998
2021-02-17,178.220001,,,2016-02-22,54.53,16453.830078,1926.819946
2021-02-18,177.389999,,,2016-02-23,53.64,16413.429688,1917.8299559999998
2021-02-19,177.41000400000001,,,2016-02-24,53.45,16391.990234,1917.780029
2021-02-22,179.970001,,,2016-02-25,54.09,16620.660156,1945.5
2021-02-23,177.740005,,,2016-02-26,53.95,16431.779297,1921.27002
2021-02-24,178.53999299999998,,,2016-02-29,53.63,16484.990234,1929.800049
2021-02-25,180.610001,,,2016-03-01,55.03,16697.289063,1951.699951
2021-02-26,180.28999299999998,,,2016-03-02,55.41,16639.970703,1948.050049
2021-03-01,183.110001,,,2016-03-04,56.36,16865.080078,1978.3499760000002
2021-03-02,183.899994,,,2016-03-07,56.29,16899.320313,1986.449951
2021-03-03,184.559998,,,2016-03-08,55.74,16943.900391,1993.4000239999998
2021-03-04,185.169998,,,2016-03-09,55.95,17006.769531,1999.9899899999998
2021-03-07,185.350006,,,2016-03-10,55.86,17073.949219,2001.7600100000002
2021-03-08,183.300003,,,2016-03-11,57.32,16964.099609,1979.2600100000002
2021-03-09,184.25,,,2016-03-14,57.2,17000.359375,1989.2600100000002
2021-03-10,184.28999299999998,,,2016-03-15,56.66,16995.130859,1989.569946
2021-03-11,187.360001,,,2016-03-16,57.16,17213.310547,2022.189941
2021-03-14,187.139999,,,2016-03-17,57.6,17229.130859,2019.640015
2021-03-15,186.800003,,,2016-03-18,57.5,17251.529297,2015.930054
2021-03-16,187.860001,,,2016-03-21,57.41,17325.759766,2027.219971
2021-03-17,189.100006,,,2016-03-22,57.31,17481.490234,2040.589966
2021-03-18,188.970001,,,2016-03-23,56.73,17602.300781,2049.580078
2021-03-21,189.149994,,,2016-03-24,56.35,17623.869141,2051.600098
2021-03-22,189.009995,,,2016-03-28,56.69,17582.570313,2049.800049
2021-03-23,187.809998,,,2016-03-29,57.3,17502.589844,2036.709961
2021-03-24,187.740005,,,2016-03-30,57.73,17515.730469,2035.939941
2021-03-28,187.83999599999999,,,2016-03-31,57.16,17535.390625,2037.050049
2021-03-29,189.529999,,,2016-04-01,56.55,17633.109375,2055.01001
2021-03-30,190.369995,,,2016-04-04,56.43,17716.660156,2063.949951
2021-03-31,189.990005,,,2016-04-05,55.32,17685.089844,2059.73999
2021-04-01,191.190002,,,2016-04-06,56.22,17792.75,2072.780029
2021-04-04,190.610001,,,2016-04-07,55.4,17737.0,2066.1298829999996
2021-04-05,188.679993,,,2016-04-08,56.46,17603.320313,2045.1700440000002
2021-04-06,190.729996,,,2016-04-11,56.49,17716.050781,2066.659912
2021-04-07,188.449997,,,2016-04-12,57.33,17541.960938,2041.910034
2021-04-08,188.979996,,,2016-04-13,58.24,17576.960938,2047.5999760000002
2021-04-11,188.46000700000002,,,2016-04-14,58.43,17556.410156,2041.9899899999998
2021-04-12,190.28999299999998,,,2016-04-15,58.3,17721.25,2061.719971
2021-04-13,192.220001,,,2016-04-18,58.8,17908.279297,2082.419922
2021-04-14,192.279999,,,2016-04-19,59.82,17926.429688,2082.780029
2021-04-15,192.08999599999999,,,2016-04-20,59.87,17897.460938,2080.72998
2021-04-18,193.350006,,,2016-04-21,59.51,18004.160156,2094.340088
2021-04-19,193.940002,,,2016-04-22,59.54,18053.599609,2100.800049
2021-04-20,194.100006,,,2016-04-25,59.24,18096.269531,2102.399902
2021-04-21,193.08999599999999,,,2016-04-26,59.45,17982.519531,2091.47998
2021-04-22,193.100006,,,2016-04-27,59.49,18003.75,2091.580078
2021-04-25,192.75,,,2016-04-28,58.68,17977.240234,2087.790039
2021-04-26,193.110001,,,2016-04-29,58.43,17990.320313,2091.699951
2021-04-27,193.440002,,,2016-05-02,58.98,18041.550781,2095.149902
2021-04-28,191.669998,,,2016-05-03,58.01,17830.759766,2075.810059
2021-04-29,190.699997,,,2016-05-04,57.34,17773.640625,2065.300049
2021-05-02,192.190002,,,2016-05-05,57.22,17891.160156,2081.429932
2021-05-03,190.529999,,,2016-05-06,57.38,17750.910156,2063.3701170000004
2021-05-04,189.440002,,,2016-05-09,57.26,17651.259766,2051.1201170000004
2021-05-05,189.429993,,,2016-05-10,58.08,17660.710938,2050.6298829999996
2021-05-06,190.059998,,,2016-05-11,57.58,17740.630859,2057.139893
2021-05-09,190.199997,,,2016-05-12,57.56,17705.910156,2058.689941
2021-05-10,192.580002,,,2016-05-13,56.97,17928.349609,2084.389893
2021-05-11,190.83999599999999,,,2016-05-16,57.65,17711.119141,2064.459961
2021-05-12,190.820007,,,2016-05-17,57.23,17720.5,2064.110107
2021-05-13,189.220001,,,2016-05-18,57.25,17535.320313,2046.609985
2021-05-16,191.08999599999999,,,2016-05-19,56.84,17710.710938,2066.659912
2021-05-17,189.350006,,,2016-05-20,57.31,17529.980469,2047.209961
2021-05-18,189.419998,,,2016-05-23,57.12,17526.619141,2047.630005
2021-05-19,188.720001,,,2016-05-24,57.95,17435.400391,2040.040039
2021-05-20,189.880005,,,2016-05-25,58.56,17500.939453,2052.320068
2021-05-23,189.490005,,,2016-05-26,58.72,17492.929688,2048.040039
2021-05-24,192.080002,,,2016-05-27,58.66,17706.050781,2076.060059
2021-05-25,193.429993,,,2016-05-31,58.38,17851.509766,2090.540039
2021-05-26,193.419998,,,2016-06-01,58.33,17828.289063,2090.100098
2021-05-27,194.279999,,,2016-06-02,58.33,17873.220703,2099.060059
2021-05-31,194.100006,,,2016-06-03,58.71,17787.199219,2096.949951
2021-06-01,194.350006,,,2016-06-06,59.04,17789.669922,2099.330078
2021-06-02,194.919998,,,2016-06-07,59.47,17838.560547,2105.26001
2021-06-03,194.360001,,,2016-06-08,59.59,17807.060547,2099.1298829999996
2021-06-06,195.309998,,,2016-06-09,58.86,17920.330078,2109.409912
2021-06-07,195.570007,,,2016-06-10,57.15,17938.279297,2112.1298829999996
2021-06-08,196.25,,,2016-06-13,56.32,18005.050781,2119.1201170000004
2021-06-09,195.919998,,,2016-06-14,55.42,17985.189453,2115.47998
2021-06-10,194.130005,,,2016-06-15,55.79,17865.339844,2096.070068
2021-06-13,192.610001,,,2016-06-16,55.9,17732.480469,2079.060059
2021-06-14,192.279999,,,2016-06-17,56.46,17674.820313,2075.320068
2021-06-15,191.940002,,,2016-06-20,57.86,17640.169922,2071.5
2021-06-16,192.570007,,,2016-06-21,58.33,17733.099609,2077.98999
2021-06-17,191.940002,,,2016-06-22,57.12,17675.160156,2071.219971
2021-06-20,192.149994,,,2016-06-23,58.7,17804.869141,2083.25
2021-06-21,192.690002,,,2016-06-24,53.66,17829.730469,2088.899902
2021-06-22,192.369995,,,2016-06-27,52.63,17780.830078,2085.449951
2021-06-23,194.940002,,,2016-06-28,54.01,18011.070313,2113.320068
2021-06-24,187.929993,,,2016-06-29,55.0,17400.75,2037.410034
2021-06-27,184.529999,,,2016-06-30,55.82,17140.240234,2000.540039
2021-06-28,187.860001,,,2016-07-01,55.82,17409.720703,2036.089966
2021-06-29,191.080002,,,2016-07-05,54.74,17694.679688,2070.77002
2021-06-30,193.669998,,,2016-07-06,54.64,17929.990234,2098.860107
2021-07-01,194.080002,,,2016-07-07,54.42,17949.369141,2102.949951
2021-07-05,192.759995,,,2016-07-08,55.25,17840.619141,2088.550049
2021-07-06,193.860001,,,2016-07-11,56.06,17918.619141,2099.72998
2021-07-07,193.71000700000002,,,2016-07-12,56.82,17895.880859,2097.899902
2021-07-08,196.66000400000001,,,2016-07-13,56.76,18146.740234,2129.899902
2021-07-11,197.330002,,,2016-07-14,57.25,18226.929688,2137.159912
2021-07-12,198.720001,,,2016-07-15,56.96,18347.669922,2152.139893
2021-07-13,198.759995,,,2016-07-18,57.1,18372.119141,2152.429932
2021-07-14,199.809998,,,2016-07-19,56.65,18506.410156,2163.75
2021-07-15,199.619995,,,2016-07-20,57.16,18516.550781,2161.73999
2021-07-18,200.110001,,,2016-07-21,56.93,18533.050781,2166.889893
2021-07-19,199.820007,,,2016-07-22,57.04,18559.009766,2163.780029
2021-07-20,200.699997,,,2016-07-25,56.97,18595.029297,2173.02002
2021-07-21,199.979996,,,2016-07-26,57.21,18517.230469,2165.169922
2021-07-22,200.889999,,,2016-07-27,57.42,18570.849609,2175.030029
2021-07-25,200.279999,,,2016-07-28,57.36,18493.060547,2168.47998
2021-07-26,200.350006,,,2016-07-29,58.04,18473.75,2169.179932
2021-07-27,200.119995,,,2016-08-01,57.66,18472.169922,2166.580078
2021-07-28,200.46000700000002,,,2016-08-02,57.37,18456.349609,2170.060059
2021-07-29,200.78999299999998,,,2016-08-03,57.17,18432.240234,2173.600098
2021-08-01,200.529999,,,2016-08-04,57.5,18404.509766,2170.840088
2021-08-02,199.259995,,,2016-08-05,57.76,18313.769531,2157.030029
2021-08-03,199.940002,,,2016-08-08,57.88,18355.0,2163.790039
2021-08-04,200.029999,,,2016-08-09,58.34,18352.050781,2164.25
2021-08-05,201.759995,,,2016-08-10,58.54,18543.529297,2182.8701170000004
2021-08-08,201.58999599999999,,,2016-08-11,58.96,18529.289063,2180.889893
2021-08-09,201.679993,,,2016-08-12,58.81,18533.050781,2181.73999
2021-08-10,201.169998,,,2016-08-15,59.04,18495.660156,2175.48999
2021-08-11,202.149994,,,2016-08-16,58.95,18613.519531,2185.790039
2021-08-12,202.0,,,2016-08-17,58.93,18576.470703,2184.050049
2021-08-15,202.58999599999999,,,2016-08-18,59.23,18636.050781,2190.149902
2021-08-16,201.509995,,,2016-08-19,58.79,18552.019531,2178.149902
2021-08-17,201.940002,,,2016-08-22,58.85,18573.939453,2182.219971
2021-08-18,202.389999,,,2016-08-23,59.1,18597.699219,2187.02002
2021-08-19,202.119995,,,2016-08-24,58.96,18552.570313,2183.8701170000004
2021-08-22,202.009995,,,2016-08-25,58.72,18529.419922,2182.639893
2021-08-23,202.41000400000001,,,2016-08-26,58.37,18547.300781,2186.899902
2021-08-24,201.360001,,,2016-08-29,58.55,18481.480469,2175.439941
2021-08-25,201.08999599999999,,,2016-08-30,58.47,18448.410156,2172.469971
2021-08-26,200.779999,,,2016-08-31,58.35,18395.400391,2169.040039
2021-08-29,201.850006,,,2016-09-01,58.75,18502.990234,2180.3798829999996
2021-08-30,201.490005,,,2016-09-02,59.43,18454.300781,2176.1201170000004
2021-08-31,201.050003,,,2016-09-06,59.83,18400.880859,2170.949951
2021-09-01,201.03999299999998,,,2016-09-07,59.86,18419.300781,2170.860107
2021-09-02,201.889999,,,2016-09-08,59.69,18491.960938,2179.97998
2021-09-06,202.5,,,2016-09-09,58.53,18538.119141,2186.47998
2021-09-07,202.520004,,,2016-09-12,59.01,18526.140625,2186.159912
2021-09-08,202.080002,,,2016-09-13,57.82,18479.910156,2181.300049
2021-09-09,197.119995,,,2016-09-14,57.74,18085.449219,2127.810059
2021-09-12,199.169998,,,2016-09-15,58.24,18325.070313,2159.040039
2021-09-13,196.279999,,,2016-09-16,57.49,18066.75,2127.02002
2021-09-14,196.179993,,,2016-09-19,57.79,18034.769531,2125.77002
2021-09-15,198.199997,,,2016-09-20,58.14,18212.480469,2147.26001
2021-09-16,197.449997,,,2016-09-21,59.16,18123.800781,2139.159912
2021-09-19,197.449997,,,2016-09-22,59.76,18120.169922,2139.1201170000004
2021-09-20,197.509995,,,2016-09-23,59.26,18129.960938,2139.76001
2021-09-21,199.66000400000001,,,2016-09-26,58.71,18293.699219,2163.1201170000004
2021-09-22,200.970001,,,2016-09-27,58.99,18392.460938,2177.179932
2021-09-23,199.809998,,,2016-09-28,59.41,18261.449219,2164.689941
2021-09-26,198.110001,,,2016-09-29,58.67,18094.830078,2146.100098
2021-09-27,199.399994,,,2016-09-30,59.13,18228.300781,2159.929932
2021-09-28,200.490005,,,2016-10-03,58.97,18339.240234,2171.3701170000004
2021-09-29,198.630005,,,2016-10-04,58.96,18143.449219,2151.1298829999996
2021-09-30,200.21000700000002,,,2016-10-05,59.2,18308.150391,2168.27002
2021-10-03,199.580002,,,2016-10-06,58.88,18253.849609,2161.199951
2021-10-04,198.610001,,,2016-10-07,58.58,18168.449219,2150.48999
2021-10-05,199.550003,,,2016-10-10,58.75,18281.029297,2159.72998
2021-10-06,199.649994,,,2016-10-11,57.92,18268.5,2160.77002
2021-10-07,199.009995,,,2016-10-12,57.79,18240.490234,2153.73999
2021-10-10,199.919998,,,2016-10-13,57.57,18329.039063,2163.659912
2021-10-11,197.440002,,,2016-10-14,57.67,18128.660156,2136.72998
2021-10-12,197.679993,,,2016-10-17,57.5,18144.199219,2139.179932
2021-10-13,197.070007,,,2016-10-18,58.07,18098.939453,2132.550049
2021-10-14,197.110001,,,2016-10-19,58.23,18138.380859,2132.97998
2021-10-17,196.520004,,,2016-10-20,58.32,18086.400391,2126.5
2021-10-18,197.720001,,,2016-10-21,58.19,18161.939453,2139.600098
2021-10-19,198.179993,,,2016-10-24,58.18,18202.619141,2144.290039
2021-10-20,197.929993,,,2016-10-25,58.14,18162.349609,2141.340088
2021-10-21,197.91000400000001,,,2016-10-26,57.88,18145.710938,2141.159912
2021-10-24,198.850006,,,2016-10-27,57.81,18223.029297,2151.330078
2021-10-25,198.100006,,,2016-10-28,57.79,18169.269531,2143.159912
2021-10-26,197.75,,,2016-10-31,57.82,18199.330078,2139.429932
2021-10-27,197.169998,,,2016-11-01,57.57,18169.679688,2133.040039
2021-10-28,196.570007,,,2016-11-02,57.18,18161.189453,2126.409912
2021-10-31,196.53999299999998,,,2016-11-03,57.12,18142.419922,2126.149902
2021-11-01,195.21000700000002,,,2016-11-04,56.57,18037.099609,2111.719971
2021-11-02,193.96000700000002,,,2016-11-07,57.35,17959.640625,2097.939941
2021-11-03,193.169998,,,2016-11-08,57.51,17930.669922,2088.659912
2021-11-04,192.860001,,,2016-11-09,57.56,17888.279297,2085.179932
2021-11-07,197.139999,,,2016-11-10,57.4,18259.599609,2131.52002
2021-11-08,197.979996,,,2016-11-11,57.05,18332.740234,2139.560059
2021-11-09,200.190002,,,2016-11-14,56.74,18589.689453,2163.26001
2021-11-10,200.600006,,,2016-11-15,56.99,18807.880859,2167.47998
2021-11-11,200.320007,,,2016-11-16,56.39,18847.660156,2164.449951
2021-11-14,200.320007,,,2016-11-17,56.82,18868.689453,2164.199951
2021-11-15,201.869995,,,2016-11-18,56.2,18923.060547,2180.389893
2021-11-16,201.600006,,,2016-11-21,56.68,18868.140625,2176.939941
2021-11-17,202.559998,,,2016-11-22,56.82,18903.820313,2187.1201170000004
2021-11-18,202.110001,,,2016-11-23,56.62,18867.929688,2181.899902
2021-11-21,203.610001,,,2016-11-25,56.79,18956.689453,2198.179932
2021-11-22,204.059998,,,2016-11-28,56.49,19023.869141,2202.939941
2021-11-23,204.240005,,,2016-11-29,56.85,19083.179688,2204.719971
2021-11-25,205.03999299999998,,,2016-11-30,56.79,19152.140625,2213.350098
2021-11-28,203.990005,,,2016-12-01,56.57,19097.900391,2201.719971
2021-11-29,204.309998,,,2016-12-02,56.71,19121.599609,2204.659912
2021-11-30,203.809998,,,2016-12-05,57.27,19123.580078,2198.810059
2021-12-01,203.100006,,,2016-12-06,57.66,19191.929688,2191.080078
2021-12-02,203.179993,,,2016-12-07,58.52,19170.419922,2191.949951
2021-12-05,204.380005,,,2016-12-08,58.47,19216.240234,2204.709961
2021-12-06,205.080002,,,2016-12-09,58.72,19251.779297,2212.22998
2021-12-07,207.820007,,,2016-12-12,58.46,19549.619141,2241.350098
2021-12-08,208.28999299999998,,,2016-12-13,59.09,19614.810547,2246.189941
2021-12-09,209.520004,,,2016-12-14,58.22,19756.849609,2259.530029
2021-12-12,209.300003,,,2016-12-15,58.09,19796.429688,2256.959961
2021-12-13,210.69999700000002,,,2016-12-16,58.13,19911.210938,2271.719971
2021-12-14,209.0,,,2016-12-19,58.04,19792.529297,2253.280029
2021-12-15,209.82000699999998,,,2016-12-20,58.24,19852.240234,2262.030029
2021-12-16,209.46000700000002,,,2016-12-21,57.66,19843.410156,2258.070068
2021-12-19,209.88000499999998,,,2016-12-22,57.53,19883.060547,2262.530029
2021-12-20,210.669998,,,2016-12-23,57.68,19974.619141,2270.76001
2021-12-21,208.899994,,,2016-12-27,57.61,19941.960938,2265.179932
2021-12-22,208.53999299999998,,,2016-12-28,57.39,19918.880859,2260.959961
2021-12-23,208.820007,,,2016-12-29,57.53,19933.810547,2263.790039
2021-12-27,209.28999299999998,,,2016-12-30,57.73,19945.039063,2268.8798829999996
2021-12-28,207.580002,,,2017-01-03,58.09,19833.679688,2249.919922
2021-12-29,207.529999,,,2017-01-04,58.75,19819.779297,2249.26001
2021-12-30,206.570007,,,2017-01-05,59.25,19762.599609,2238.830078
2022-01-03,208.330002,,,2017-01-06,59.05,19881.759766,2257.830078
2022-01-04,209.570007,,,2017-01-09,58.96,19942.160156,2270.75
2022-01-05,209.41000400000001,,,2017-01-10,58.97,19899.289063,2269.0
2022-01-06,210.210007,,,2017-01-11,59.28,19963.800781,2276.97998
2022-01-09,209.46000700000002,,,2017-01-12,59.37,19887.380859,2268.899902
2022-01-10,209.46000700000002,,,2017-01-13,59.59,19855.529297,2268.899902
2022-01-11,210.07000699999998,,,2017-01-17,59.37,19954.279297,2275.320068
2022-01-12,209.619995,,,2017-01-18,59.2,19891.0,2270.439941
2022-01-13,210.00999500000003,,,2017-01-19,59.05,19885.730469,2274.639893
2022-01-17,209.380005,,,2017-01-20,59.39,19826.769531,2267.889893
2022-01-18,209.789993,,,2017-01-23,59.54,19804.720703,2271.889893
2022-01-19,209.029999,,,2017-01-24,59.69,19732.400391,2263.689941
2022-01-20,209.74000499999997,,,2017-01-25,60.31,19827.25,2271.310059
2022-01-23,209.179993,,,2017-01-26,60.07,19799.849609,2265.199951
2022-01-24,210.55000299999998,,,2017-01-27,59.97,19912.710938,2280.070068
2022-01-25,212.24000499999997,,,2017-01-30,59.54,20068.509766,2298.3701170000004
2022-01-26,212.08999599999999,,,2017-01-31,59.63,20100.910156,2296.679932
2022-01-27,211.919998,,,2017-02-01,59.87,20093.779297,2294.689941
2022-01-30,210.649994,,,2017-02-02,59.9,19971.130859,2280.899902
2022-01-31,210.460007,,,2017-02-03,60.14,19864.089844,2278.8701170000004
2022-02-01,210.57000699999998,,,2017-02-06,59.71,19890.939453,2279.550049
2022-02-02,210.710007,,,2017-02-07,59.65,19884.910156,2280.850098
2022-02-03,212.25,,,2017-02-08,59.75,20071.460938,2297.419922
2022-02-06,211.80000299999998,,,2017-02-09,60.0,20052.419922,2292.560059
2022-02-07,211.86000099999998,,,2017-02-10,60.14,20090.289063,2293.080078
2022-02-08,212.07000699999998,,,2017-02-13,60.38,20054.339844,2294.669922
2022-02-09,213.330002,,,2017-02-14,60.29,20172.400391,2307.8701170000004
2022-02-10,214.11000099999998,,,2017-02-15,60.52,20269.369141,2316.100098
2022-02-13,215.27999900000003,,,2017-02-16,60.66,20412.160156,2328.25
2022-02-14,216.210007,,,2017-02-17,60.5,20504.410156,2337.580078
2022-02-15,217.32000699999998,,,2017-02-21,60.7,20611.859375,2349.25
2022-02-16,217.149994,,,2017-02-22,60.7,20619.769531,2347.219971
2022-02-17,217.520004,,,2017-02-23,60.83,20624.050781,2351.159912
2022-02-21,218.830002,,,2017-02-24,60.39,20743.0,2365.3798829999996
2022-02-22,218.61000099999998,,,2017-02-27,60.43,20775.599609,2362.820068
2022-02-23,218.729996,,,2017-02-28,60.34,20810.320313,2363.810059
2022-02-24,219.100006,,,2017-03-01,60.97,20821.759766,2367.340088
2022-02-27,219.36000099999998,,,2017-03-02,60.57,20837.439453,2369.75
2022-02-28,218.80000299999998,,,2017-03-03,60.93,20812.240234,2363.639893
2022-03-01,221.830002,,,2017-03-06,60.74,21115.550781,2395.959961
2022-03-02,220.55000299999998,,,2017-03-07,60.53,21002.970703,2381.919922
2022-03-03,220.66000400000001,,,2017-03-08,60.31,21005.710938,2383.1201170000004
2022-03-06,219.940002,,,2017-03-09,60.54,20954.339844,2375.310059
2022-03-07,219.32000699999998,,,2017-03-10,61.05,20924.759766,2368.389893
2022-03-08,218.88000499999998,,,2017-03-13,61.37,20855.730469,2362.97998
2022-03-09,219.05000299999998,,,2017-03-14,60.9,20858.189453,2364.8701170000004
2022-03-10,219.770004,,,2017-03-15,61.77,20902.980469,2372.600098
2022-03-13,219.919998,,,2017-03-16,62.07,20881.480469,2373.469971
2022-03-14,219.17999300000002,,,2017-03-17,62.23,20837.369141,2365.449951
2022-03-15,221.02999900000003,,,2017-03-20,62.1,20950.099609,2385.26001
2022-03-16,220.669998,,,2017-03-21,61.82,20934.550781,2381.3798829999996
2022-03-17,220.38000499999998,,,2017-03-22,61.83,20914.619141,2378.25
2022-03-20,219.94999700000002,,,2017-03-23,61.97,20905.859375,2373.469971
2022-03-21,216.270004,,,2017-03-24,62.14,20668.009766,2344.02002
2022-03-22,216.690002,,,2017-03-27,62.3,20661.300781,2348.449951
2022-03-23,216.460007,,,2017-03-28,62.6,20656.580078,2345.959961
2022-03-24,216.27999900000003,,,2017-03-29,62.6,20596.720703,2343.97998
2022-03-27,216.059998,,,2017-03-30,62.38,20550.980469,2341.590088
2022-03-28,217.61999500000002,,,2017-03-31,62.29,20701.5,2358.570068
2022-03-29,217.899994,,,2017-04-03,62.2,20659.320313,2361.1298829999996
2022-03-30,218.55000299999998,,,2017-04-04,62.18,20728.490234,2368.060059
2022-03-31,218.05000299999998,,,2017-04-05,61.85,20663.220703,2362.719971
2022-04-03,217.69999700000002,,,2017-04-06,61.86,20650.210938,2358.840088
2022-04-04,217.86000099999998,,,2017-04-07,61.82,20689.240234,2360.159912
2022-04-05,217.22000099999997,,,2017-04-10,61.75,20648.150391,2352.949951
2022-04-06,217.69999700000002,,,2017-04-11,62.04,20662.949219,2357.48999
2022-04-07,217.520004,,,2017-04-12,61.99,20656.099609,2355.540039
2022-04-10,217.67999300000002,,,2017-04-13,61.59,20658.019531,2357.159912
2022-04-11,217.38999900000002,,,2017-04-17,61.97,20651.300781,2353.780029
2022-04-12,216.580002,,,2017-04-18,61.69,20591.859375,2344.929932
2022-04-13,215.11000099999998,,,2017-04-19,61.44,20453.25,2328.949951
2022-04-17,216.94999700000002,,,2017-04-20,61.93,20636.919922,2349.01001
2022-04-18,216.330002,,,2017-04-21,61.97,20523.279297,2342.189941
2022-04-19,215.99000499999997,,,2017-04-24,63.54,20404.490234,2338.169922
2022-04-20,217.61999500000002,,,2017-04-25,63.99,20578.710938,2355.840088
2022-04-21,216.960007,,,2017-04-26,63.81,20547.759766,2348.689941
2022-04-24,219.32000699999998,,,2017-04-27,63.87,20763.890625,2374.149902
2022-04-25,220.649994,,,2017-04-28,63.8,20996.119141,2388.610107
2022-04-26,220.55000299999998,,,2017-05-01,64.06,20975.089844,2387.449951
2022-04-27,220.690002,,,2017-05-02,64.39,20981.330078,2388.77002
2022-04-28,220.270004,,,2017-05-03,64.26,20940.509766,2384.199951
2022-05-01,220.649994,,,2017-05-04,64.87,20913.460938,2388.330078
2022-05-02,220.91000400000001,,,2017-05-05,65.59,20949.890625,2391.169922
2022-05-03,220.669998,,,2017-05-08,65.1,20957.900391,2388.1298829999996
2022-05-04,220.809998,,,2017-05-09,64.94,20951.470703,2389.52002
2022-05-05,221.72000099999997,,,2017-05-10,65.04,21006.939453,2399.290039
2022-05-08,221.74000499999997,,,2017-05-11,64.88,21012.279297,2399.3798829999996
2022-05-09,221.52999900000003,,,2017-05-12,65.24,20975.779297,2396.919922
2022-05-10,221.86000099999998,,,2017-05-15,65.57,20943.109375,2399.6298829999996
2022-05-11,221.44999700000002,,,2017-05-16,65.99,20919.419922,2394.439941
2022-05-12,221.13000499999998,,,2017-05-17,65.24,20896.609375,2390.899902
2022-05-15,222.210007,,,2017-05-18,65.35,20981.939453,2402.320068
2022-05-16,222.100006,,,2017-05-19,66.11,20979.75,2400.669922
2022-05-17,218.13000499999998,,,2017-05-22,66.19,20606.929688,2357.030029
2022-05-18,218.92999300000002,,,2017-05-23,66.2,20663.019531,2365.719971
2022-05-19,220.419998,,,2017-05-24,66.24,20804.839844,2381.72998
2022-05-22,221.559998,,,2017-05-25,66.24,20894.830078,2394.02002
2022-05-23,221.97000099999997,,,2017-05-26,66.05,20937.910156,2398.419922
2022-05-24,222.52999900000003,,,2017-05-30,65.98,21012.419922,2404.389893
2022-05-25,223.55000299999998,,,2017-05-31,66.06,21082.949219,2415.070068
2022-05-26,223.649994,,,2017-06-01,66.49,21080.279297,2415.820068
2022-05-30,223.41000400000001,,,2017-06-02,67.22,21029.470703,2412.909912
2022-05-31,223.33999599999999,,,2017-06-05,66.85,21008.650391,2411.800049
2022-06-01,225.059998,,,2017-06-06,66.66,21144.179688,2430.060059
2022-06-02,225.88999900000002,,,2017-06-07,66.68,21206.289063,2439.070068
2022-06-05,225.61999500000002,,,2017-06-08,66.56,21184.039063,2436.100098
2022-06-06,225.0,,,2017-06-09,66.31,21136.230469,2429.330078
2022-06-07,225.38999900000002,,,2017-06-12,66.06,21173.689453,2433.139893
2022-06-08,225.44999700000002,,,2017-06-13,66.57,21182.529297,2433.790039
2022-06-09,225.270004,,,2017-06-14,66.52,21271.970703,2431.77002
2022-06-12,225.059998,,,2017-06-15,65.83,21235.669922,2429.389893
2022-06-13,226.13999900000002,,,2017-06-16,66.39,21328.470703,2440.350098
2022-06-14,225.92999300000002,,,2017-06-19,66.66,21374.560547,2437.919922
2022-06-15,225.460007,,,2017-06-20,65.07,21359.900391,2432.459961
2022-06-16,225.52999900000003,,,2017-06-21,64.99,21384.279297,2433.149902
2022-06-19,227.41000400000001,,,2017-06-22,64.98,21528.990234,2453.459961
2022-06-20,225.88999900000002,,,2017-06-23,65.14,21467.140625,2437.030029
2022-06-21,225.770004,,,2017-06-26,65.25,21410.029297,2435.610107
2022-06-22,224.710007,,,2017-06-27,65.24,21397.289063,2434.5
2022-06-23,225.059998,,,2017-06-28,65.81,21394.759766,2438.300049
2022-06-26,225.13000499999998,,,2017-06-29,65.16,21409.550781,2439.070068
2022-06-27,223.32000699999998,,,2017-06-30,65.2,21310.660156,2419.3798829999996
2022-06-28,225.330002,,,2017-07-03,65.12,21454.609375,2440.689941
2022-06-29,223.38999900000002,,,2017-07-05,65.12,21287.029297,2419.699951
2022-06-30,223.75,,,2017-07-06,64.83,21349.630859,2423.409912
2022-07-03,224.27999900000003,,,2017-07-07,64.84,21479.269531,2429.01001
2022-07-05,224.649994,,,2017-07-10,65.0,21478.169922,2432.540039
2022-07-06,222.63000499999998,,,2017-07-11,65.15,21320.039063,2409.75
2022-07-07,224.05000299999998,,,2017-07-12,65.67,21414.339844,2425.179932
2022-07-10,224.25999500000003,,,2017-07-13,65.86,21408.519531,2427.429932
2022-07-11,224.08999599999999,,,2017-07-14,66.32,21409.070313,2425.530029
2022-07-12,225.74000499999997,,,2017-07-17,66.19,21532.140625,2443.25
2022-07-13,226.169998,,,2017-07-18,66.25,21553.089844,2447.830078
2022-07-14,227.229996,,,2017-07-19,66.54,21637.740234,2459.27002
2022-07-17,227.22000099999997,,,2017-07-20,66.81,21629.720703,2459.139893
2022-07-18,227.36000099999998,,,2017-07-21,66.55,21574.730469,2460.610107
2022-07-19,228.600006,,,2017-07-24,66.37,21640.75,2473.830078
2022-07-20,228.580002,,,2017-07-25,66.46,21611.779297,2473.449951
2022-07-21,228.5,,,2017-07-26,66.87,21580.070313,2472.540039
2022-07-24,228.25999500000003,,,2017-07-27,66.72,21513.169922,2469.909912
2022-07-25,228.919998,,,2017-07-28,66.79,21613.429688,2477.1298829999996
2022-07-26,228.99000499999997,,,2017-07-31,66.93,21711.009766,2477.830078
2022-07-27,228.789993,,,2017-08-01,67.3,21796.550781,2475.419922
2022-07-28,228.49000499999997,,,2017-08-02,67.33,21830.310547,2472.100098
2022-07-31,228.32000699999998,,,2017-08-03,67.37,21891.119141,2470.300049
2022-08-01,228.88000499999998,,,2017-08-04,67.46,21963.919922,2476.350098
2022-08-02,229.02999900000003,,,2017-08-07,67.49,22016.240234,2477.570068
2022-08-03,228.580002,,,2017-08-08,67.13,22026.099609,2472.159912
2022-08-04,229.00999500000003,,,2017-08-09,67.02,22092.810547,2476.830078
2022-08-07,229.38999900000002,,,2017-08-10,66.07,22118.419922,2480.909912
2022-08-08,228.86999500000002,,,2017-08-11,65.95,22085.339844,2474.919922
2022-08-09,228.809998,,,2017-08-14,66.43,22048.699219,2474.02002
2022-08-10,225.580002,,,2017-08-15,66.38,21844.009766,2438.209961
2022-08-11,225.88000499999998,,,2017-08-16,66.76,21858.320313,2441.320068
2022-08-14,228.16000400000001,,,2017-08-17,66.01,21993.710938,2465.840088
2022-08-15,228.100006,,,2017-08-18,66.19,21998.990234,2464.610107
2022-08-16,228.479996,,,2017-08-21,66.17,22024.869141,2468.110107
2022-08-17,224.97000099999997,,,2017-08-22,66.49,21750.730469,2430.01001
2022-08-18,224.559998,,,2017-08-23,66.5,21674.509766,2425.550049
2022-08-21,224.82000699999998,,,2017-08-24,66.35,21703.75,2428.3701170000004
2022-08-22,227.07000699999998,,,2017-08-25,66.75,21899.890625,2452.51001
2022-08-23,226.30000299999998,,,2017-08-28,66.75,21812.089844,2444.040039
2022-08-24,225.83999599999999,,,2017-08-29,66.48,21783.400391,2438.969971
2022-08-25,226.24000499999997,,,2017-08-30,66.39,21813.669922,2443.050049
2022-08-28,226.350006,,,2017-08-31,66.9,21808.400391,2444.23999
2022-08-29,226.580002,,,2017-09-01,66.99,21865.369141,2446.300049
2022-08-30,227.67999300000002,,,2017-09-05,66.54,21892.429688,2457.590088
2022-08-31,228.99000499999997,,,2017-09-06,66.95,21948.099609,2471.649902
2022-09-01,229.47000099999997,,,2017-09-07,67.5,21987.560547,2476.550049
2022-09-05,227.74000499999997,,,2017-09-08,67.51,21753.310547,2457.850098
2022-09-06,228.460007,,,2017-09-11,68.04,21807.640625,2465.540039
2022-09-07,228.460007,,,2017-09-12,68.25,21784.779297,2465.100098
2022-09-08,228.13999900000002,,,2017-09-13,67.88,21797.789063,2461.429932
2022-09-11,230.600006,,,2017-09-14,68.0,22057.369141,2488.110107
2022-09-12,231.38999900000002,,,2017-09-15,68.06,22118.859375,2496.47998
2022-09-13,231.57000699999998,,,2017-09-18,68.15,22158.179688,2498.3701170000004
2022-09-14,231.38999900000002,,,2017-09-19,68.47,22203.480469,2495.6201170000004
2022-09-15,231.83999599999999,,,2017-09-20,68.32,22268.339844,2500.22998
2022-09-18,232.190002,,,2017-09-21,68.18,22331.349609,2503.8701170000004
2022-09-19,231.32000699999998,,,2017-09-22,68.39,22370.800781,2506.649902
2022-09-20,231.460007,,,2017-09-25,68.0,22412.589844,2508.23999
2022-09-21,230.770004,,,2017-09-26,67.85,22359.230469,2500.600098
2022-09-22,230.919998,,,2017-09-27,67.9,22349.589844,2502.219971
2022-09-25,230.399994,,,2017-09-28,68.08,22296.089844,2496.659912
2022-09-26,230.440002,,,2017-09-29,68.48,22284.320313,2496.840088
2022-09-27,231.38000499999998,,,2017-10-02,68.42,22340.710938,2507.040039
2022-09-28,231.69999700000002,,,2017-10-03,68.65,22381.199219,2510.060059
2022-09-29,232.57000699999998,,,2017-10-04,68.52,22405.089844,2519.360107
2022-10-02,233.47000099999997,,,2017-10-05,68.48,22557.599609,2529.1201170000004
2022-10-03,233.979996,,,2017-10-06,68.43,22641.669922,2534.580078
2022-10-04,234.289993,,,2017-10-09,68.45,22661.640625,2537.73999
2022-10-05,235.649994,,,2017-10-10,69.1,22775.390625,2552.070068
2022-10-06,235.47000099999997,,,2017-10-11,69.09,22773.669922,2549.330078
2022-10-09,235.039993,,,2017-10-12,69.21,22761.070313,2544.72998
2022-10-10,235.58999599999999,,,2017-10-13,69.57,22830.679688,2550.639893
2022-10-11,236.020004,,,2017-10-16,69.52,22872.890625,2555.23999
2022-10-12,235.63999900000002,,,2017-10-17,69.34,22841.009766,2550.929932
2022-10-13,235.850006,,,2017-10-18,69.54,22871.720703,2553.169922
2022-10-16,236.270004,,,2017-10-19,69.43,22956.960938,2557.639893
2022-10-17,236.419998,,,2017-10-20,69.34,22997.439453,2559.360107
2022-10-18,236.61000099999998,,,2017-10-23,69.19,23157.599609,2561.26001
2022-10-19,236.69999700000002,,,2017-10-24,69.3,23163.039063,2562.100098
2022-10-20,237.92999300000002,,,2017-10-25,69.03,23328.630859,2575.209961
2022-10-23,236.99000499999997,,,2017-10-26,69.02,23273.960938,2564.97998
2022-10-24,237.38000499999998,,,2017-10-27,69.18,23441.759766,2569.1298829999996
2022-10-25,236.270004,,,2017-10-30,69.34,23329.460938,2557.149902
2022-10-26,236.57000699999998,,,2017-10-31,69.63,23400.859375,2560.399902
2022-10-27,238.479996,,,2017-11-01,69.7,23434.189453,2581.070068
2022-10-30,237.729996,,,2017-11-02,69.91,23348.740234,2572.830078
2022-10-31,237.960007,,,2017-11-03,69.8,23377.240234,2575.26001
2022-11-01,238.33999599999999,,,2017-11-06,69.9,23435.009766,2579.360107
2022-11-02,238.41000400000001,,,2017-11-07,69.64,23516.259766,2579.850098
2022-11-03,239.169998,,,2017-11-08,69.87,23539.189453,2587.840088
2022-11-06,239.5,,,2017-11-09,69.47,23548.419922,2591.1298829999996
2022-11-07,239.44999700000002,,,2017-11-10,69.28,23557.230469,2590.639893
2022-11-08,239.80000299999998,,,2017-11-13,68.99,23563.359375,2594.3798829999996
2022-11-09,238.960007,,,2017-11-14,68.94,23461.939453,2584.6201170000004
2022-11-10,238.830002,,,2017-11-15,68.61,23422.210938,2582.300049
2022-11-13,239.059998,,,2017-11-16,69.16,23439.699219,2584.840088
2022-11-14,238.55000299999998,,,2017-11-17,68.91,23409.470703,2578.8701170000004
2022-11-15,237.27999900000003,,,2017-11-20,69.06,23271.279297,2564.6201170000004
2022-11-16,239.30000299999998,,,2017-11-21,69.58,23458.359375,2585.639893
2022-11-17,238.67999300000002,,,2017-11-22,69.77,23358.240234,2578.850098
2022-11-20,238.99000499999997,,,2017-11-24,70.34,23430.330078,2582.139893
2022-11-21,240.559998,,,2017-11-27,69.92,23590.830078,2599.030029
2022-11-22,240.399994,,,2017-11-28,70.32,23526.179688,2597.080078
2022-11-24,240.91000400000001,,,2017-11-29,70.04,23557.990234,2602.419922
2022-11-27,240.83999599999999,,,2017-11-30,70.11,23580.779297,2601.419922
2022-11-28,243.22000099999997,,,2017-12-01,69.83,23836.710938,2627.040039
2022-11-29,243.16000400000001,,,2017-12-04,69.58,23940.679688,2626.070068
2022-11-30,245.24000499999997,,,2017-12-05,69.43,24272.349609,2647.580078
2022-12-01,244.75,,,2017-12-06,69.29,24231.589844,2642.219971
2022-12-04,244.5,,,2017-12-07,69.47,24290.050781,2639.439941
2022-12-05,243.58999599999999,,,2017-12-08,69.84,24180.640625,2629.570068
2022-12-06,243.57000699999998,,,2017-12-11,70.02,24140.910156,2629.27002
2022-12-07,244.330002,,,2017-12-12,70.11,24211.480469,2636.97998
2022-12-08,245.69999700000002,,,2017-12-13,70.38,24329.160156,2651.5
2022-12-11,246.49000499999997,,,2017-12-14,69.99,24386.029297,2659.98999
2022-12-12,246.86999500000002,,,2017-12-15,69.97,24504.800781,2664.110107
2022-12-13,246.75999500000003,,,2017-12-18,70.8,24585.429688,2662.850098
2022-12-14,245.80000299999998,,,2017-12-19,69.8,24508.660156,2652.01001
2022-12-15,248.020004,,,2017-12-20,69.68,24651.740234,2675.810059
2022-12-18,249.36000099999998,,,2017-12-21,69.93,24792.199219,2690.159912
2022-12-19,248.55000299999998,,,2017-12-22,70.11,24754.75,2681.469971
2022-12-20,248.38000499999998,,,2017-12-26,70.09,24726.650391,2679.25
2022-12-21,248.86999500000002,,,2017-12-27,70.22,24782.289063,2684.570068
2022-12-22,247.63000499999998,,,2017-12-28,70.26,24754.060547,2683.340088
2022-12-26,247.38000499999998,,,2017-12-29,70.31,24746.210938,2680.5
2022-12-27,247.58999599999999,,,2018-01-02,70.83,24774.300781,2682.6201170000004
2022-12-28,248.08999599999999,,,2018-01-03,71.17,24837.509766,2687.540039
2022-12-29,246.82000699999998,,,2018-01-04,71.95,24719.220703,2673.610107